judul,url
Badan Informasi Geospasial Pastikan 4 Nama Pulau Aceh Tetap Sama,https://news.google.com/read/CBMiowFBVV95cUxOelIxb3pvMkdfU2xXXzY2bUtxTnhGNmtsQWlrdVhYcnlPYjV6T0JiQnp5NkEwanhRX094dWI5c185Qmp3YUt5bGlTazBvQVRENnd5RVRvTnZRQXQ3NlpFTDhzNWVaT1IyaEFwWUVBaWVBeUNoWDhPS1ZjNHdPUUJDUWZtMXlvRVZJRFVmZGQwSkhaeVducy1rN0NpRk00YWhMSHQ4
DPR RI terima usulan penambahan anggaran BIG dari pinjaman luar negeri,https://www.antaranews.com/berita/4675893/dpr-ri-terima-usulan-penambahan-anggaran-big-dari-pinjaman-luar-negeri
Wamenhan Bersama Badan Informasi Geospasial Bahas Penguatan Informasi untuk Pertahanan,https://news.google.com/read/CBMixgFBVV95cUxOVmVOTTE0SlR3WU9pZlNfdllEX3gwSG1pcEh5b1dxMXB3UzZseVloV3BKNThKT2dQNlBXMmwtdzE2T2E2eWVFNURGTHlwQk96U0pYX2x5OFFaTm16OHg3NUZsczZPalN1Nzh5VW1xcXdzaE03MDlWRzBqMEd2X1FETTlmZm4wLUtSZERMUlNtTU10MGVXRDE2dlo2LXk0NVhOa2NBaGVEMktHVEhrc3l1R0c3YlcxR0Y1ZU5leGNGRlF4QmtCQXc
"Pemkab Kukar Bekerjasama Dengan BIG RI, Terkait Data Berbasis Geospasial",https://news.google.com/read/CBMimwFBVV95cUxOVlRyMENyZERVY0lSSnA3cWZJenphNlB2OEh6MVd3eVlUTHhJaXNYVnpDOEp4TjVSS1dyZTVoWWJCZ3NLWVpLMFV2LXhiakxGeGd3U2VuYVJwcWtpcGQ3d1h3dEZFMkFadUE4UEFlT1ZpZ3EyM2wwWkJOcHdwUWhZM29QWEJfNl9vN0Ezekt6SUFKUmhkZ3BCRVFfbw
"Jumlah Pulau di Indonesia Terus Bertambah, Ini Data Terbaru dari Badan Informasi Geospasial - Media 24",https://news.google.com/read/CBMizAFBVV95cUxOT1VEdnpaQ0ZaQ19ESmhrYnhWdC1DTGtQc3ZvOXBlbGtyd1FtWXZBbnlUcHRLalVZVzFKcmZsZFVkdXpJQzJ0ZXlrSnJFRndxbnBfdnh5SElTWW5rdWZyQWowWGMyWTRGWUwxVmlpbU1fZUlsaGJTVUpSRmJfUE9OUjVIQkZYOFBDTlYteDJ0dTh3aTBsUE9TZVV1Q0dUallkYlZpMGcyaWxPaElZRGR6UWtKN01OeXBxZlE0R1hPcmdxZUpQOXJsRTFuUkLSAdIBQVVfeXFMT1ZkbUo5bE1BczltVkRVWUVBR05tZDU1Z0duTTRxWXNyenZMWXR5S2xNZEI1V2JxX0RUeGI2UlBkNF9Oc3FScGo1LUliYVNySjBPNm9VZ3JsOXRQMVJIOVYzQkpsbVptSGhhdnJTTVJ2VGZJRHQ4U0taNGdueWoyaXlzX0syUFo1alA5M0hsNXF5WWhTOUduWTQwQlFfYnEtemlZUk16dTdBYjYxdHdqYldaMjNpOXZLMXZuNEM4UWRfQ2xUeXBUWFVlLXhncTFBNGRB
"Selesaikan Peta 1:5000, BIG Minta Tambah Anggaran Rp 810 Miliar dari Utang LN",https://news.google.com/read/CBMisAFBVV95cUxOb1ZuMXd0MVNNR056V1pZeUdFdGFoVnR2emZmdVZ5bVAxRGpXLUtvYlFFeS0yd3VZSkVqSWtZNUxTOTE4QW1ZNkxrdzQxcEw0WEp3NHNSRTM1aFozZlFJcXZ5VVRySHNtb2dpdmtVUlRWZF9IWFgxVERDT0VSajQ5cU8zOXRkcEp2VVZaekFla3FxYXpJM05GbkcxSUtaYlFoNWNKTWxQTlhuSURON093OQ
Penetapan Perubahan Status 4 Pulau Dikaji Ulang,https://news.google.com/read/CBMigwFBVV95cUxOaUluS0F2UHFuYU4yNWl4bkkySnJCMDBqQ195Z0xJcW41OWx1UTgyQWxya3BnWHhKYkZEb1M4XzNJYmkteXZsaFFwU3dEYnFLNFVPMnJSa3BpektTOWFJVGxDUS0xczhrRGVPT2d0aHRNdFJiVU5VZTVFcWs3QmQyTFVYUQ
BIG: Penyediaan peta dasar 1:5.000 jadi kebutuhan mendesak bagi RI,https://news.google.com/read/CBMiqAFBVV95cUxPWXVxN2FxZ2V1V01IeDJ4elF4RUVlMFhhUE04ZnlDOXdCWlFhYVRZUmZ2SUczZ1VvN2wyRXE1WTBlTmZ2Sk96ZjNLRElHcVFZdFRFaUN1SmJzTWtCVy1WTDlXOXFVZFBkLW1lUmoyMzdzNm50Ymd3eUxQVDVNZW5nQzFXRDB2MG5vbzdGNzcydUlDcFpDLTNtRndkQ2M3cG5mVmJMUkJ4b23SAasBQVVfeXFMTVRMVGVTdEJ3UFk2TUE4bGs0cXBuUXhteDRQV1JsZXYyZGRZeEpLLTcyZ0RpNkV1OF9NdlBuRldSdzk0MjAzS3lHLVQwYm9IcUdiSm9oWEV5c1dHUVBYMDRpcWI4NVN6RTdJaXBIOFJIdTZnMjNEbkg4Q1JyVERJa2V2dDRzOExNS1hIVTZ2cWdleXRabTdmU3hsc3RqUjVraW9abFhia3J4YjEw
"Kado Indah HUT Ke-32, Pemkot Tangerang Catat Sederet Prestasi Gemilang Setahun Terakhir",https://news.google.com/read/CBMizwFBVV95cUxPT25Nd2tuLTV6Q3pYTldMX0NPcFJ6RENDSFV4NGo4cG0za2FZTG5xdUlqQkZEc1ZwT2RnNHk5NTV6bkU3cERYOEVHQmhibnJtRTIxYms3bXY4czBsWUNQemRJcEhIYU9oQ2duOUJobG8xMWJNUk4zRzBUTk1PMUZqNUpET0h6RnBlTDNDT2U4a09sa3BIemhTbGd4MU9SaENUWTZLaDBfcnZNLXVjVUVUNDhvY2QyMGNmZndteTFHb1JUVFhNaUZ5bVJ6a2xwYUk
Tito Gercep Revisi Kepmendagri Melibatkan Badan Geospasial,https://news.google.com/read/CBMiqAFBVV95cUxPWHFGSWtmNDhEeC1VTFJsY1VFT2JLNlRrS0ZqenBfb3JDb1JSVWRCZGxxaXYxUEZROHdQV085WHhXa3YwRXlIZnZiYXkwd1Z0Zi16SEZ1QVJsVTZMZXlYSzZzMGg4aGlzQlZ5MXVCMm5Rc09aSVBrcUstWHN3YjVHeDF1VU5NaXJIdFV4ZTEwOWdGVmZpWEZJZ3BOREw1UzM3blN6VTd5TDg
"Bukan di Masa Bobby Nasution, Status Empat Pulau Sudah Ditetapkan Kemendagri Masuk Sumut Sejak 2022",https://news.google.com/read/CBMi1AFBVV95cUxOQnpLRlNrNlJxMVlhRWVpUUJoMXBlcnIzdGthRkpCTWt1Qm5uR05vakNaWmk0dWtER1Bya0V2MUlxbFJqZ2x1bVZmZk1kN2c1ZjQ4WFBYaV9pQjlkQVVlQUZPTG5iY1RfQnJLS2k0M1FiQ01uS2NfUzBzUnJBTFhDcG5seEt6WVlCbEZLUHJ0U05tZ08xc3pMZjI1LXFUTVE3WnM4d3c2eXNXeXNGZDFVbGZkVVhOcjlrVXB3aVN2QXJHTlJGNjdmdFVZU2lIeGJ0OFAxaw
BIG Usul RUU Statistik Atur Bagi-Pakai Data Secara Real Time,https://news.google.com/read/CBMitAFBVV95cUxQb3pIX3pxNVpUaUtmN2pFclV0N2ZKYVB6bHROUS00MXJSeENuVzZHbHNuSS1FZWtFN3dNNHF4cFFZQmMyX0FJcmdFeHZwZ0ZKNnQxdVhaeDF3WmYzeEU2a0lXX1U0QzVSWG94T2NoTmhzWUxwQnE1QjVHNEMtQl9IbHRzbGs3MG8tMy1Sb1gwV0RaSVJuZmZhNGQ1b2owd0tuTEV1MkN0bFhGbFFoblEtZDFMU3Q
Prediksi Formasi dan Cara Daftar CPNS 2025: Persiapan Lengkap untuk CASN Tahun Depan,https://news.google.com/read/CBMitAFBVV95cUxPT2JycFBKZ2lhbVhFdVZXRmlXXzV0SzR6bGxncmNQcUVRY0JtVkxVMnZOU0dBTnVQcDFLemRwclVXWnFYOGRWeFJteVVlanAwSWhBcmo2V2VYTURLanRwOHotRVZ4NHpJeFVIblZKdm5jWEFXVEZzX1VscGpndmZjNmgyWDYweTdrMGFkNjZHd08wTU5sdkJTdnQ2WU94NzZHNnZaRzQwbmxCWVQyLWxGeHNsbVA
"Rakor dengan Menko Pangan, Kementerian PU Usul Revisi Perpres Pengendalian Alih Fungsi Lahan Sawah Jaga Keberlanjutan Daerah Irigasi",https://news.google.com/read/CBMi6wFBVV95cUxPOGRlMEJmTUJHdDdqb0VDeDVjb1JwNDRuWm96T25TNVp4YmlMS1dDd0xfSlpMaXhTenZjMzdiWVRZdTFlZGd6NFlaUEZNTjZ6U2lScUJrVHVBSnpJdHFMNFFBc3BkaDBjYVczN3JSSVgxbkV1RC1Xb3NIendTdl9BVDZGRjJXWHQ2ek9QUFZPZ25lbDQxWl9VTlk4alBTTXVNbU5TTXlMZVc0bl9POUkwZWJla1RRNnV3N0ZUWnJEVkpBQ1R3UzJaWkhYaUpmdFpydUxhNkltb0xPZk5jSGdvb2YwX1AtNjg3emJV
"Raih Juara Pertama Lomba Gambar Peta Anak, Kemal Wakili Indonesia ke Kanada",https://news.google.com/read/CBMioAFBVV95cUxObUJMUk5ZSmIyRWg3ck9qQ1Y0TmY0ck12MVpmajZoUWdBeWw5S3J0TExDb0JrZHlzZTFMV0JSMUtJZGktVG5oSjBjTmJkTUM0eDg3bGZmQ0NZa0p6cWxSRVU1VmJudmpUaERVZWFrelREazFkMmRadDA0SU9VeUtSVkZCRnJhSVFUZVZXVGE5SGt4TFlMYVFHcmZ0MU1nVFVN
"Direktur di BIG Terangkan Arti Penting Titik Nol IKN, Teknis dan Filosofis",https://news.google.com/read/CBMirAFBVV95cUxPWEJYZnBHUFhfdms4Z01XejFmdnVDYVJWQ0tpWXZRVkJiOGZhMWhvRGpyQWQxblpZY0hhY01pYXMzZGlsSjJ5Q3Z0QjhRM1hQeXNFUzhZWDAzM0lINTRKZmM2amhkUnpLMjdYRm16NzdWbUg4bE10SzUyR2FwX2VFV1BwOFdJMkdqTGQ5Z2RhQ2pBdWNGNVptZG9wWE9JS2JydFlxRmwzSHRFZVYt
Pemkot Tangerang Raih Penghargaan Penyelenggara Statistik Sektoral II Tingkat Provinsi Banten,https://tangerangkota.go.id/berita/detail/51049/pemkot-tangerang-raih-penghargaan-penyelenggara-statistik-sektoral-ii-tingkat-provinsi-banten
"Lebaran Ditetapkan Jatuh Pada Senin, 31 Maret 2025",https://news.google.com/read/CBMiogFBVV95cUxQTnpBNE9hTl9PdW5oeWR2SGduNmxNdjIyTWtRaVNHb1VsYWhCemFkWlpULXhXdUlLMU9CS1BPclFxcHNHWlNES3h2ZXRiNEVjNWFxeFZremRJbEtpal9uQXN5YTE0UnNGaXY0Nkw1RDNMZUh6bDlKSVJwZDZhUEJjUGYtSUFNN0t6Q3plUk01OERhMkt2X2syaWt5WERCNVUtRWc
Kapan Pendaftaran CPNS Tahun 2025 Dibuka? Yuk Simak di Sini Beritanya!,https://fahum.umsu.ac.id/blog/kapan-pendaftaran-cpns-tahun-2025-dibuka-yuk-simak-di-sini-beritanya/
Alat-Alat Peringatan Dini Tsunami di Stasiun Pemantau Dicuri,https://www.tempo.co/hukum/alat-alat-peringatan-dini-tsunami-di-stasiun-pemantau-dicuri-1444180
Pemerintah Butuh Peta Dasar Skala 1:5.000 untuk Percepatan Tata Ruang,https://news.google.com/read/CBMiuAFBVV95cUxNUkRLd1NVR3Vyc0dPbjdaTWFNQllib0Y2WndLREp5V2lxRlJ4NHVxd3pmNzFISUI3SHFkU3V6MUpLMTMxUWRGZ3NLTmxzem54YXRDdHFsdmRxUHJmVWFkanN1NjdmbkJfc2hmR293OXNobThlQ182Zkk5Y09Pdm1aZXVlX0c3WW5OdVRYMnI1QUZHckthT29kLUxlX0hBVzJHcDJ1dTZvNHRyVVdpMWd3Q1Rwa1VzUXl6
"Baru Terpetakan 3 Persen, Peta Dasar Skala Besar Dinilai Kebutuhan Mendesak RI",https://news.google.com/read/CBMixgFBVV95cUxPdTJVbU1HV2ZLWXhwQjNMdDlYbExoRlJHLTlxcHJlLXBMVmxsMXN6UU9sbUZTOHloR0dFclJpd0R1LUNlRENzNTZzQmVoMVI1dWhSUVlOWTg4bzRSa2ZRSzJ4Unh0UVQxMmhDRXNpeVdxNktNVUFjRjIzdUl3NURLMEs3SkttdGJYZWdNV2dhX2VpeS1pQ2JPOTdRdDVKQUxEOVp0Y0NJSEs4eXZmdi13bF91X3hXTWlzRklRTVV5QVpKU0xqTmc
"Rakor Penyelenggaraan Pemda Bersama Sejumlah Menteri, Wagub Sumut Minta ‘Kejar’ Proses Revisi RTRW",https://news.google.com/read/CBMi2gFBVV95cUxNSG5GVnpfTWVPM2VZWXc5Y2NGSWVPUFZwVm0yQkNaWFVXNUlwQ3Qxb19xQzVFWDNXYlA4MzBBXzM1R2wzRm9LaVRUT0d2cFV3eXBVRVJDY0dMOENIbFJkVEcwNk93WWVNemdNR3BLcDZyUTV3SFhsZXFudks4dENvdHJXU1d3anJObGZxTFltMjdvdWR4Q09wdlVycjlJU1pZdVRBREs4UUxsOVcwQlRPTDhRLTI5TkpXSmJ2a1o2b0Y5ajctdloyOVpKdE1hd2Z2cTRJdHl1ZDc3dw
"Pemprov Kalsel Dukung Pelaksanaan Program Pengobatan Gratis, Pembangunan 3 Juta Rumah dan Transmigrasi",https://news.google.com/read/CBMizwFBVV95cUxOem9peWJEcFpfc1QyTUgtT3EtZUw2NWhjU080cWgxRUNQX0tFVGUxaTBRM3RXNGphMmRCTmF3YVFqT1lVbGdvVUc2Uk9FZUtBRWdtc0dHaklSX2NfSmxQeC1meHQtRUVqVFo4UUlkSEx1ZTFMbFJpTFdKRG1iUHI2UkRZSHZtNGE5S3FObFVQMzkyUmJWakN5bFM2LXM3c2FQMVRkVkgzTHpvdmdVdVlHb1RuYXdieDRPNkhaSk5jYjFpUy05WEdMVVFsdGlFVFU
Kominfo Purbalingga Gandeng BIG Gelar Bimtek Satu Data,https://www.rri.co.id/jawa-tengah/daerah/1561632/kominfo-purbalingga-gandeng-big-gelar-bimtek-satu-data
"Naik 5 Peringkat, Indonesia Kukuhkan Diri Sebagai Raksasa Baru Geospasial Dunia",https://news.google.com/read/CBMivwFBVV95cUxOQXE4VzJOVndtOEk3em9uQmtYQTUtMXhHbk1qemN1Q2hTUlVWOEd4VFdFeTExdDhhV0lQU2dvbUoxVmZXZUx6dXVDRk5zSlJoRDhhLUJSaUdtU1JtWE05RGdGSzd1ZmJ6cXBWM3JDOTc2SFNJUDlsNXlXZWo0TVN4Ulpxa0trTDJYd291T2k0Y2FwaDNLMjMySTNXVU5NZVRUaEJXdHVFWU13di1QbVc2eDgzZ3R6MVVLS09sU1Q4RQ
Kementerian ATR/BPN dukung revisi UU statistik demi peningkatan data untuk perencanaan agraria dan tata ruang,https://news.google.com/read/CBMi5wFBVV95cUxOaDhHREo5N21fY2xoM3BDVVVhX2d5d3VNWWUyUWtnZEJCdVBqb1FnYzhnN21NUTVXeGktU3VqMk1KVldHRmZGZTcxZXNKdERoZ216UTZlWk8wMXIwaF81UjRKWlk3TjNxLVNvTlpRcnV6QkprMDk2RmNMdXNsaXBLWjh3b0hGcnJ6dm9MWXkwaDdiRWRENkZ5eE9HYkdYYnZvRE0wWWFVQkFrcE1zTXcyRHFJa2t1TWdaUEZxM2tDSDA1cDNfWGN5aHM5V0NkSDByaGJkLTItcUd3VFYzbDA3V1doWDhqQVnSAewBQVVfeXFMT245UTdMWlNWSzBCelpZU0E3N3hqNlROS1l6NElZdk9GNmtNdWpOV1AyLWRJdTZTMlJQZHhDTmw2ZnMyNnYzU0t3ZkNqV1NQdEkxZ21oZlhtajBxUFNzT3Qyb0ljazBFaHdhNTFYUXNVZy1CNHZET0hXYXZKVUpadFpYci1RaXUxbW9ZMzkwcWdHN0EyeWN5SGdtY1VSbGt6NmRlUkpyQ19iNWpyWWIxTVd6bzJDTTc1VnpyZElFTmlYQzNnVDZXNDZzcnhyb19PZGdRSVF2Sk5sWVlpWF82eGN3T1k2cXhJdVYxV1I
"TERJALIN HARMONIS, SINERGI BNN KOTA, PEMKOT, DAN OPD DI WILAYAH BONTANG UNTUK WUJUDKAN MASYARAKAT BONTANG BERSINAR",https://news.google.com/read/CBMiygFBVV95cUxNaHVPVFhOYk15M3dOWU1FVmNWMWZMZ2dzSEEzZnByWlo4bG5zWFpqenE2cXQtQjhCTzRjcHp5VTV3TW8tMlBiRlQ5VTdHWS1NU0FoN3NWaUVlSTY0djRXbkJ0dHF1ZXlUQ2lJaDJBOUJVUWwzN3d4Yjh4NEQyVzBGbVE3dldQbmRPQi0wVTAtNFNzeFgyZ3VFM3NodW9pMUZaOXNVWlFnQzVsazdxLVhqWUlYckNEVEk3UlV6N2ZIbkl3RHNhTVBvazZR
Tito Karnavian Dikecam Soal Sengketa 4 Pulau Aceh dan Sumatera Utara,https://www.tempo.co/politik/tito-karnavian-dikecam-soal-sengketa-4-pulau-aceh-dan-sumatera-utara-1685957
Cek Formasi CPNS 2025: Info Penerimaan dan Jadwal Seleksi CPNS 2025 Terbaru,https://news.google.com/read/CBMiqAFBVV95cUxQVEF6MnJWeDAxVThWek53aEJpaVBIN3VjVWY3MGxUeTMwdDZlV04tZjNVTmlwcGZfUU9JbTAtTEJ6bnhoVWMwYXJpMTRPVld6cWxPZGU1c1pTR2VEU2RWdkJYUkZKX2FPeGxWT3V6QUd4czJVQTA0SHd1NkVLcG95b05tdzB3blhCWk43b1VnMDVNUUNWek94UWVtbFhJX040cXlaS2VxZTU
Satgas PKH Berhasil Capai Target Kuasai 1 Juta Hektare Hutan,https://news.google.com/read/CBMipAFBVV95cUxPRFFNOTBySHVsNXlMa3RXZWpuV2lSZ3RPQ2xBektDNVJZY2REV010dUYyaGZ1X0tTZmNUYkEtalhDaEFmZTBrMkhNZVpGYURzOXF1dThvMXo5RDIzTDBGeTVpR3NJdGljYmdSZTIza3ZLOHhxdHhIUkUtUnRVYWkyY1Nkc2E1OEdadUQ3aHpHSlYxbTFJYmlRbFRQaXp4aFFiQXhpUQ
Kemenag Terima Software Alfalak 2025 untuk Permudah Hisab Awal Bulan Hijriah,https://kemenag.go.id/nasional/kemenag-terima-software-alfalak-2025-untuk-permudah-hisab-awal-bulan-hijriah-yfnAy
"Alat Peringatan Dini Tsunami di Sumba Timur Dicuri Lagi, Kerugian Negara Rp329 Juta",https://news.google.com/read/CBMiwwFBVV95cUxOWDBzX2NKVkZxTDhqdkc4cnZxN2ZrUGN0b2Q2UmgtNDZZd2tKODdfV2RGNkxrRzFlQllhNmRuakpuQnY1MFdpa2FSdEVHLWROdHhYZGtjMkp0QXBFdm13MG1qaG5LQ2Nrek94NGRwS0l2X3pkcWdfY19oSnRQSTNCbWU2LXFSWGZsdVVMYVgtcXBGa2tPa29aTlVNNnc5ZUY4SzB5dnN0S0NVRmE3LWh3ZU8tZVAyTHVxUkhjakU0ZUVBZmvSAbsBQVVfeXFMUEtzMVl2aXNlM21hQml2SkJabHVKaVFES09jTkl1ZU9NNENfM1A0UkxkM19lTGtqcUt3RDBySXJsNV9jeFN2Wk1oSTBIVDlXVFVTWnR1aERtRWlWWTB6dC1TdGc2dEZ4R25MSWpmSkhXbkJCb1I4RUdmcVpnUUstV2ZxT2MxUTNUcnlpX2loazNyLUxhUFE4aWpXRXpDdlI5a0JPOENlQzVPQWNucVNXRTVsNXVvZzNaTTUtQQ
Pemerintah Dituntut Selesaikan Sengketa Pulau dengan Pertimbangkan Berbagai Aspek,https://news.google.com/read/CBMiuwFBVV95cUxNWU5NOHBBN29Ia21MS2hFRVZzMlBfOWhlSHVCdE5HLUlMNnM2Uy13T1pSYXJRbzhMYWN6MUROTE9fWWo1Q0FZMXlRbXMwWjlETWt6OWpVd2p0Vi04M1k3ZWZ5UV9oRDFRUEU4UW1PUG1xMVlFMGFuNUxnUVV0MWY2d01UZHF0QXVPanNxeU9YX1B1bEIwRFNKRGlqa0pLSnlQVklxVjV6bW9McXNlS1YzcENjcWNYLU1lbDFN
Pemerintah Tetapkan 1 Ramadhan 1446 H Jatuh pada Sabtu 1 Maret 2025,https://news.google.com/read/CBMipwFBVV95cUxPamNNaG1zVXZCUnBZdkYwX3JUX1BGUjhPeHBwZ1l3eGJYTUd0S244dmJvQ3hkakVwTGR3VFR3b25oX2JtdUdKZG1ZWF9YY0pma2UtQVUwRTg3MldXVU0xWkNkLVhFSDRJal92cFpyejhCTEpoUl9NWFU0VGN1T2YxUlUteElaUmpua0h2VGNTZUxubWVpeEgwLUUyT2k0cW5Gb19OVThPY9IBrAFBVV95cUxQUzFvYjI5SHhWUC1ILW9KWDNKWWJIWFZHNHVtMVNrSUZEN0tRa2pVSGNEQlYzeUV3X0VibjV2c25CUFpZZkU0bVFrb25fcHREYjZKWE9VNnB2Q241cE52RnNxZTU5ckNaY2hraWVRUnkySklrMlBiZElldEpUYlZnVTJROUN3a0htWmxiMDhkbWlxY2ZsdmVfVzd3WGIwbFNqRFh3LTI2Tlh6RUVL
Bea Cukai dan BNN Musnahkan 3 Hektare Ladang Ganja di Aceh,https://news.google.com/read/CBMimwFBVV95cUxPSm14RDBhc2FpRHJQYVlTcjRRUnBycEdmNEdiU05VVmUyMXZOdkI0cmZvaV9MRkRtTS1aMkp4R2s0MWEzTF9LYjZrZnN2bElmZUVHLXRocnlCNkdyM2VfTjVObGVvRHBFRDFHcTVyZkRxUXoxWmNWZG1KWXZXNWxaYjVPZlVZUHctZzFpOUFOcVQzQU1ZbnRQLW9oNA
Menteri ATR/BPN Resmikan Kick-off Proyek ILASP: Satukan Persepsi hingga Wujudkan Tata Ruang Berkelanjutan,https://pekaaksara.com/12742/menteri-atr-bpn-resmikan-kick-off-proyek-ilasp-satukan-persepsi-hingga-wujudkan-tata-ruang-berkelanjutan/
Gaduh 4 Pulau Aceh Diambil Sumut: Kronologinya?,https://news.google.com/read/CBMiiwFBVV95cUxQRUF3WThjMzMxWExub0R4WEdFdEJhdHNOT3RESVo3ak1HazNaTUdjQlpsRGo3Sl9kT2dYRl9ORjIwNjVvMlVWYWg2Ni0wOU4xZlJfSVFGcWN3QTYwTFVveEtxRTBMam9SWndObk1aNUVPakgyb01jMUVJa3dGV0JiR0pIMlE5cWd4bFVV
"Buka Rapat Evaluasi ILASP, Sekjen ATR/BPN Tekankan Efisiensi",https://news.google.com/read/CBMiqgFBVV95cUxQbHdXdVRHbUU5aDdZOHVQZy1PblFhRU54aEhDcVRLZ0NJNGJ4dWNQN0V6ekNnSFFUY0plRU4wcVNCN3B1UEoxVHpxbFpRVzdZcDlMb3ZqcjN1Q095cE9nb3lVUnBwSTBSVTdsNlVxZVBhNEdpOUYwb1lRcGYyajVKdV92WEMxSDlqMzVFQlVlX1AzMkdlYkU4RVdCWldyMFF3QWpFZmFZR0ZDUQ
"Edukasi Mitigasi Bencana, Kunci menghadapi Gempa",https://news.google.com/read/CBMiiwFBVV95cUxOdVQtbjFreVVBbFlPYlhmSnJxNloyQlNyUkFuQ056ZVhmYnUwOVBSTUh4NW93Ml92ZHNXVEdQaXhFNWRaYkVDblZYdHlWalNZbmlfU3lIMTR4X0pZdGdrbVcxN1Q4Z3VZcnlGckp0QjlVNUtKNVRhd1JVLW5VVjV6SzZBX0ZVdGplWTJr
Budi Gunawan Buat Desk Penanggulangan Kebakaran Hutan dan Perlindungan Pekerja Migran,https://www.tempo.co/politik/budi-gunawan-buat-desk-penanggulangan-kebakaran-hutan-dan-perlindungan-pekerja-migran-1219470
Penjelasan Kemendagri Soal Kisruh Empat Pulau yang Jadi Rebutan Aceh dan Sumut,https://www.kompas.id/artikel/penjelasan-kemendagri-soal-kisruh-empat-pulau-yang-jadi-rebutan-aceh-dan-sumut
Tito Karnavian Ungkap Alasan Keputusan 4 Pulau Milik Aceh,https://news.google.com/read/CBMimgFBVV95cUxNdWhRUGNhN3EwM0dOTW5XOENlRHg1Zm5GTWVCX2lxekpiMWNnV1JJOGhaQnVPOWNxbnY2QmFDYl9hNWJ4dFhHNlQwR25qRC16dXk2Ynp4WmtQSlQxaUhXeTdlTVBlenRLSHRtdzBnN21xMXZEM1M0V0FkZUpoOWZkUk5PRFZmRVJaRkkyNnAycW5VUjJUczBlNzRn
Apa Alasan 4 Pulau Aceh Masuk Sumut? Ini Penjelasan Mendagri,https://news.google.com/read/CBMinAFBVV95cUxNWkRiSXFVLVBnc3E0NkNqOTlUenJXbHRsSk9zZ0JIUUVnblV1YW5KX1puRGJucG8ydGtacWJQQmtXTWxDVDRzbHdGRzN3SnkxRjBLclJIQ3czUVBTempyNFFITU92M0puWEJua2VMN2l5OUdiWGhIdjVQMnFUcTJlS093S2V2MElKejQzNzFPb3dRZUtZdHFWQWloRFY
"Belajar dari Sengketa 4 Pulau Aceh, BIG Tegaskan Pentingnya Data Geospasial",https://news.google.com/read/CBMixgFBVV95cUxPMjVvNkY5WFRCMnpnSHZTeEZiNnI4VE9BZnVxTENqSnFSNk5ZTG92SEpweDcyTXRKRE9iLVBMQzlmdnZ0M00waDRGeWNTQl9Rd3ZKaExobWJiaDF2am1OS2NRS1gwSk9Id05oaURfMk1ZX0dYdk1QSG80ejh2YmMwb3dzb20zS3RabkltaTF4bG9sMld4YW1jLWF2UkVPT21FWUpQLTc4cHZpcFVodzBvaWlHMHMzcmNxY3lMZjk1VHZRa0RtVVE
Berapa Jumlah Pulau di Indonesia? Segini Totalnya Menurut Data Terbaru,https://news.google.com/read/CBMitwFBVV95cUxNVEotdGZuN2dvUnlYN0Nrak93T3A2STFzQXVCd1ZMb1V2ZHItRUJiTFlaY2QyTmJVWXdjUV9wNmRLeVFjUG9DVkdvemdQcE1Na1ZsSlI2UDBkVm5QTHZZZllJeEk1WFk0X1dQbllwTXduVFZPaTJtbFBWNzIyR0VrUzRVbFd5WVI2ZXpMMEJWNjEtclFRUHpHejhveTM2b0R6dDByZmE1b2RsX0FfVVlzTlBLTktUNWfSAbwBQVVfeXFMT2xSdzVUb3JYRm41b1d4UFZGUzNXcS1rRUdqLTMtVExibWhqVUc0STZEcllhYnUwUFFmZC16YWFGY3lSSkg5bTVBcjFpclc2MU92TlFSOHdCbnBVM1o4MUl0QUpKaW5TZF9oY2lScnQtVk01dzl4RWNsZGhiSTZQajBoeDRKeVNuVDJuSUstUGxCQWx0MFA1SmRieV9vMlVRMFlJaUU2QjN2TG5RTWo1TzdWSE1jcFNoRk05X2w
Penjelasan Mendagri Soal Sengketa Empat Pulau antara Aceh dan Sumatara Utara,https://news.google.com/read/CBMiswFBVV95cUxNLW5ncnJULWkzbFVqclRFd3NDUk5kVGRoV0g0T3V0ZkYyOFRQLWJhOWNIU19QaW5NdmFsdGh1c3FRbkFIQkxZMFFtbDZRZXpHeGVpZ01JdnFadG5fLUs5N2w1eU0wRlkwOTdPNlJjQk5ONDBFcmhma0hpOGRPYmxUaUMzcEIxZzk3UTEyOXpFQXdLdEdSMXR0ZEotMWYxa2VSaC1oSUxnd3lFTXRVZ1VzLUs3dw
Pemerintah Tetapkan Iduladha 1446 H 6 Juni 2025,https://news.google.com/read/CBMic0FVX3lxTE5pQWpHRXVxeGMwU1lJUm80dUFkenFORFlJdkNQU3Z1TkdIVDBaS0xfUzFMWG0ydVhtbDRLT3hkLUlFcXdIYzNIMXVWUDhUOVJtakwwQ0x4M05vblBqWGZEYTNUMGh1X3RnWTZ0dGcyLW1PcnM
Penjelasan Mendagri Soal 4 Pulau di Aceh Ditetapkan Masuk Sumut,https://news.google.com/read/CBMitwFBVV95cUxQV3BhREhYbnFQX3FNT0hGMkxocjJVZEhzVGZ3TG1JUmRKQ192MUo4d0NfdmZ1bzZjWTZxN3ZIek80eDdUc2xrSXlGTWsybkVvd2JDT0lmS25MN1BwQUY1dUNsZXNubjdRTE8tOTRQR1pZdXFDVTlXZmloeTVIdDdiQTgyWXdobThIcHgwQ1g1ODNVU1FtQTBleWJ1Ui1qbnUxcWFmQVJWdW50empycXM2ekFtRWo2UDQ
Pemerintah perkuat integrasi data pertanahan lewat ILASP,https://news.google.com/read/CBMinwFBVV95cUxQVnZjeHZqdU83MHRHekxKS05hbnRPXzNaT0I2bjVyQTdxWXpwQVlnTU45aFQ5NDVZSkNvRVB2ZE1qZGFUWTA2ZlY1M2hIbnJ2NTMteGtlNnF4QXZ1enhBb1FLam1DX0k3dk13OFliUEttWWRTT212RW5FU0pWdDhMWEpZY1ZZNGFMOE1jTzdOVjRQaHlPU0E1VnlmTmg2WU3SAaIBQVVfeXFMT1p0ZDdDd3dTbmlLaVpVWFVqUnNlR1hodVhLR3VYcHdvSEE2TmM3clFzTTA3X2NVYlpqdzlSLUhTUHU5TS1pMXRDZ0s5Tnhna2JoRmo2UjR5TjR2MWZPVklVOVVsRE5Zb05BQ05mT2NIMDZkOXBhMGxZQ1F4eHVJZEdManZlS0dIR3VrblJHN3FOUDNKb1QxeFhJdm5aTTR2V0xn
Kemendagri Akan Kaji Ulang Sengketa 4 Pulau antara Aceh dan Sumut,https://news.google.com/read/CBMiqgFBVV95cUxQNl9ndktMWDZEY1VZVERGdGpMMktfNW1faG5XNFA1dnFodWk5ZTFFRGhvdzNlVzVlSUpFUkx2SFROekdrLVlmNThLMEJqRWk3WGltSHlKdEdsZDNhV2FnOFJDLW0yeG5pY0NKTlR4d1Q4Mnkyb1lndk1JMWs1QkdwNDZiUVU4ZHozU2JsNEZYSTFjeV96NFJVbDE2MzlBUWtfYVIzclpJUnJzZw
Pemkot Tangerang raih penghargaan statistik sektoral tingkat Provinsi Banten,https://news.google.com/read/CBMilAJBVV95cUxPRG5vbmctaFFtRU1pbXlDMTFQaG0wRjcxeVkyT2pVbnA3dXlXOEcyUHFVbXNGbGtBUFAtdWhJdkRLa01FeVMyb05fN3FQb1ctZGZ3TmJRWkFaSV9GSDFWcERDSk03YlY2cHYxeDhYWE10V254OWVKMlZ6cWkwNUMyZ3l2bERTcVVGVGRGclVJRXFIYnNYb2c0T3NRX25TYTNpVlg2WjRWTXAzNU9LN00tRjk0X2h6QjhSMVFFbUZDS0o0d2ZqTVFBTjBMOHFlYzRVdFJ2TDNPT1c3UnRMUk52bTByelRiVFg0SHpWRDZBbFZXa3pYTHVhUXJFUEg0eURUY09DblZoS2J1SnFFaFQ1Z0xqcDM
Sawit Watch: Ketergantungan Tinggi pada Sawit Bahayakan Ekonomi,https://news.google.com/read/CBMitAFBVV95cUxOSUFKSWpVdHZFeTRfS3EtSVVUSzZ3Zmc0c1VrLW5ocTJMaTU2T0xZQXZaclIyTDRvLXA3OTh1S0x6SElBdXRTTmFhTUNCMmZsU0o3d1NCemtQUlhSeXNDY2Zvbm03bXl6ZG9JZTBUYlN6SmdKaUZDc0ViNUJsVDluWXBFdWt5ZW1GcHdLUXlkTUx1eVU4WDJPeHh2bklSS29lM0lwcW1veFRuUk5vdFZzZnZpNzg
Badan Informasi Geospasial Pastikan 4 Nama Pulau Aceh Tetap Sama,https://news.google.com/read/CBMiugFBVV95cUxOTXlDa05vdDhMcVNlQnhHV1IxdzNOQk1YLVdXNkRmQ0tkclRFU0FKNE1Ec1JxRDZUR29TaFE2UFV6VTZqS0JLNVZBSkE5UDlYOEMyQTM5OG1nRVJ0M0VBV1NKbHZFX0s4SnVuTzUwSHBDUnRqNVpORk1GSTB2aGJlSWFHb1FBWFZYSjMtam1NMU1IRXBJTlpwMWVJaFpVa0tZZUlCZjB1dl95cnA2S2NMLUVkbnJSVm1Sb1E
Link Streaming Sidang Isbat Kementerian Agama Penentuan Awal Ramadan 2025,https://news.google.com/read/CBMiuAFBVV95cUxQcHd2MWFiNTBUTXV0U0N4X0tfTWJDR0hKWVN2U0g3SlE4ekt2S3ZqQWtFQ1VDMnN2Z0pqdFdMbTQ5SVZmUjA1UnpfalVJcDk3R1VaX3BwRmlQLVlVV1BoMXVRWmcyRGdiS05aU2dJLWVXdjFQWkM5dk9yYWd5c2IwQ19VLXdoTUNNbklUclF4U2ZBRVZiTjk2QW9aZWttV01yTF9hUDZ1ZzgxMEhqYlRKVnNYdVJ6SlB10gG-AUFVX3lxTE53WUFvb0NxcVhiSjN5WDY3UV9VUkFLUTZzMkEtT2o1bVZ0RXpReWJCVEVrV0QydHE2TXhyeHRiXzA2MnUtRC1VOVFPU0lwRkszYld0YTlPang4enllMUt3bkx3S0F3dFF4MXFCNlZIM3JaTE93dEdvLU9DaUdQVFh0QXBvZkpMQWZURmU2dUgyb21XVF9QUW5MQWJleUM1YjRxYVpORnBoc0lQdE5UUDRxdUtndmRQVmk0YzlCOVE
Big: Penyediaan Peta Dasar 1:5.000 Jadi Kebutuhan Mendesak Bagi Ri,https://news.google.com/read/CBMiqwFBVV95cUxNSHJBdThPRzNzQkhOVHZjamdwZTJ6WGpad1l4VVpLRWFrc0J4cmlUVjN5UWp3N2RBbnNjR1otamVMZEFoOHhPYnFIa19rR04tQzB3azFqQi1FV0paNnh6dTBDTXVYWGQzNXdhX2p0X0tDNXVLNWk0bFlyd3I5VW9WTVI1RENQWUJTM1g4enRCS19iTVNRR2xKSzJSa1ZEYXZsblJ4VjNtUVpVTEU
Menteri ATR/BPN Pimpin Rapat Koordinasi Pelaksanaan ILASPP 2025-2029,https://news.google.com/read/CBMilAFBVV95cUxPczlZVXMxWGRhS05DWVVZUVhWeW51Y3RhZGx2UENNU1JJckpXdjBsY2NtUlhCc1Z4dF90OGhMdmpMM2thTk5JaVkySWRPemJHcWphdFdjdGFrRlJqenh0VUE0REd3WGVNWEotcVBmRzJnSkF4TnYxUUtOcjFvSWtxVDRnVVV3VGd4Mm1pUDB3T2FNcmJ6
Bintan Menuju Tata Kelola Wilayah Modern Lewat Digitalisasi Batas,https://news.google.com/read/CBMilgFBVV95cUxQbFRqdk5xSmJjdzNzNHNqbm9vVDMwSkZ0dGIxVEZRUkF0NGlqZW5BZ05tTkc2QTJPNENERmxRUW5jNG5jWWh2cDNUWHNOejlNNkFqMVNQWS1CdXBGeVJTQWpTSHRuaHF6bWM2aGhtLVp3WkZfQ01qSl95VndNQ21BY241SlM3RnZKNk0tYmFBbnpUMlF4Vmc
"Daftar Jurusan yang Sedikit Peminat, tapi Peluang Kerja Besar",https://news.google.com/read/CBMiigFBVV95cUxOMEVmQ2k4dFlzT2Z3ZGpNeG5ud3pONXVSNmttbmk5bFJ6eG53MFlnNVE2amJ5Nm5iSGkzVGJKdWZ3bHhjNXRpUmt0YjNNV2ROMTlqYnBBSDFkZzVoal9US3BDNmI5LVNobXR5UkVrSlp5ellNSG54bTM5VTVFQW4xbWhPZEJaZ282LVE
"Edi Irawan Gugat Pemprov Babel, KI Lanjutkan Sidang Sengketa Informasi Publik",https://news.google.com/read/CBMiogFBVV95cUxPQm9fTXNHYU03TjQ1enZ4elowdEZyeVU5RkxjSWxLbUJIRmhfbUY1SENSQ0l1NzdFaU1JbDFUUmdMWjI1TlFialU5eW4zVXI1bGNIQng5dXVTV0VDZlhRTTdFUWwyT09QUXlsMmN1UnFYSVgxQ1p6ZG5LbndrUVQ2U3dnaWdRd2J6bDlGdGFZeURyQXNKRmdTNFBHT3FZMnpsanc
Sinergitas OpenSID dan PNR Ditingkatkan untuk Penyempurnaan Data Desa di Kabupaten Bandung,https://bandungberita.com/sinergitas-opensid-dan-pnr-ditingkatkan-untuk-penyempurnaan-data-desa-di-kabupaten-bandung/
Kemendagri Mediasi: Sengketa Pulau Aceh-Sumut Segera Usai,https://news.google.com/read/CBMiigFBVV95cUxPZGlZdW9VVS1venY0RGdPZG1OYnBhc0tVa2dyWGRiZHk4MTk1RVo4SDl4OWZ2eWhnczZuMmdzdmF4WHRpa0czeTA0NUdTYU9BU0NRU3g3Q0JLaldaVGVIQUsxUUxJaVVjMXhPLWNKSEZPX3UyQS1FYm5FYWJQMVV0S2k1eVdXY01SVmc
Komisi II DPR Desak Kemendagri Data Ulang Pulau Sengketa Antarwilayah - Akurat,https://news.google.com/read/CBMisAFBVV95cUxNeV9USkJNaGFEN1RSdkx4a1NwTTNrM0VaWTRmSF82dHBEM2s5dzhJYndNZ2JQaWlVNTE5dTdualA3WFI5N3VZUllkUHlram1hbXRNWC1KeE5Eb0dsamxfZlJrcjJOMl9XeEU4V1A4MlhaYjBXb2R1MVJhRWFwR05aTzJVZWlxZ0ZQcXROdWJZX2swaG5Tc1lXQlRVM2dZbFhqMkRUeU9NWmlmMzhPelFoetIBtgFBVV95cUxPbG5oQmpNUHItU0FDNDNlcEp6WDRiR0VIbDFzMjBLSHh0NVVzcFpXQ0l3anEtb2dhdGUzeks2LVd5b09USVlzQmtidWM4REtfNE5OSXZZaVBEOXE3NjVqb0U4RmFQR1ZWY1NjTVVDSjVRQzNzVmY4bmc3eEFBR29mdkFucUtkNWFTODNReEtJLWRUcmJvWFk2V2huTXNyNWRteTc2eGoteHZ6RC1oMnRJSWtrMDZQZw
"Lahan Seluas 315 Ha di Desa Pamesi Telah Dipasang Plang Eksekusi, Sebelumnya Itu HGU PT Murini Wood",https://news.google.com/read/CBMiwwFBVV95cUxQVzhIRXVOcFd1TVUxZmttSXZoZmtnOWVTLXVMNWhCODFnVjRsWExFa2FhNV80UmJiVU1UUWFPVFBYR0c3RFRZenJpbmR0cWpENF9rTE9FT2NUQWstQU82RDhxb0dKaXVIMmNndTdaeTZ6Q0NPVmdXS2ZBQlltclBvRmdDWlNVMDNHMGNfQmNLNDR1X3RBRHgya1RRcnV5YURGSlJQdG5kM3B2Q0tJQmtHdzNLcmVNWGdPbzZIQ1ZUdkgtalXSAcgBQVVfeXFMTlFidHd1cWZPcWZkMnV1UDlMRUZYaDkyeGVJVkU1Z0lvOHF3QnpsN1pEZV85UVNyRmlrTHZUTndRN1ZfVEpRUUNUaHNMUTJ1OUo5eVhPZ2dmZlRmdkJvaE4xNmptazl0dGw0Q25nRDVfd3dtY3Z2UUJaYlNMSUtzY1p3Zm9iUHRRcXFnYkU0aGVUV0luTjh5d3pTanEyTEVwOU1pNWtEd19SMm5NZ3JDX1JXSzFMUDhzS3NfVkJCN3Z1Z1lRdWJNOUs
"SIMAK! Progres Penetapan NIP CPNS 2024 di Instansi Pusat per 19 Mei 2025, Cek Data Terbarunya di Sini - Jangkara",https://news.google.com/read/CBMi4AFBVV95cUxQazkwZExaUEZZYmIyQ19JazRSZW80M1VwS0dfSHhIMXBrOHU0RVJxbWdGREQ3Y0UyUjFKZ1hsQU8xaHlqdk5BTXpmeElLa0NXQkpNTjdmZ2h2SEZtX1hTYzVkVl9wMmZwWWpyM2haTTNlZDdzaGtqTXJEQUlLLVRheXZlVk5xU3g0NWZDV1hhUlFmUFdPYldSekZLR09DTC1hZkJFUzUtMHRXRDQxOXBacXJHZDNxYXJWaXg4SmhCSE9maFh6al9PWnNmMFZlbEdQM1pQYW4zS3pFdWhYRnhietIB5gFBVV95cUxNOWJWUF9FMHVhWS1LVW9CaFpPa1pmTmdMZzM1QXJpZ3g3WVc3RldnclV1OVB6eFhWaWNGeWtXZEJpdXJWRXF1TjN3SHRWNERNUk0yeUF1bDZqZkc0V1JVVVFyc2loX0oydWg5QWFleVVSWHlaWHNrYmJDTVZVZUFRMUtaaTI4NTVmRnJvVkl2MFB6MS1NVE9PbUdIcUd0LWxjZU1LaXdqajlrOFpYU3MwZEJWNGpMTEZPX3poSUhPeEI5SDlXTm1pVUFJSUp3UFd0NnVMM0tUTGl5QW1HaE1MdEFYVWFSUQ
Update Usul Penetapan NIP P3K Tahap 1 Tahun 2024 per 25 Februari 2025: Daerah yang Belum Mengusulkan - Melintas,https://news.google.com/read/CBMi1AFBVV95cUxOZm9jQ3Byc2liMHpXMW5BMThMMzFUUC1GUU43cC1YdW12VW1iaUw5OUQ0bTc2cWkwelR5NENkN0xZX0N6eFlUR0s1NTVZa0EwckthLVlkY0NyVGhQZlBoT1VyVWdvUzlzd19rSEF3MUltbTY1STVnd0k2dVR6UmRaajNmZEZkU3JhcEdUQjNLYlFERnJwVDlsOFFkUnFodHVhTG82Y2d0MHVYdEJHbXNfcFJEbHFVdUZhbk92SV9KenVpNUoxTkJaQzlKSzFOWG9oTThxU9IB2gFBVV95cUxNQlJmWjhMR2lIdXl0QkRlcV9pNGJRNmVjODUtZVNZblR3V3Q0UUtoa3BIZ0NkS0dGOUtGeklZbDZSMmM5bVhxcVk2M2dTTmV6SkFFNEl4OW5yTGJzdG1INlJTdFcxSEQzVXk0VzZZSFBodjhhUUdzS2xaMU1IVEJ0RmtNd0NUbHFRX004R1ltdHhoRWc2ME83WE5XVXJ0TElMaHN3Sk53bTJCRkhaalFMNjVQQVBkZFR0bDlyUUtTY1g5WjFEWTFVZnhyT0ZLVmxidlFmNXVtbnRFUQ
